"id","nama","alamat","region","country","status","update"
"1","Orson","Minna","Niger","Serbia","2","Lucian"
"2","Jameson","Hualpén","Biobío","Guernsey","1","Hamish"
"3","Otto","PiŽtrain","Waals-Brabant","Macao","1","Benjamin"
"4","Ali","Montluçon","AU","Paraguay","2","George"
"5","Timothy","Bathurst","NSW","Oman","1","Wesley"
"6","Bruno","Bergen op Zoom","Noord Brabant","Equatorial Guinea","2","Zephania"
"7","Drew","Finspång","E","Mauritius","2","Garth"
"8","Brenden","Chesapeake","VA","Chad","1","Kato"
"9","Eric","Sasaram","BR","Nauru","2","Ralph"
"10","Ferdinand","Barrhead","Renfrewshire","Anguilla","1","Guy"
"11","Victor","Fino Mornasco","LOM","Dominica","1","Dante"
"12","Ira","Norfolk","VA","France","1","Jelani"
"13","Erasmus","Hampstead","QC","Svalbard and Jan Mayen Islands","2","Hamish"
"14","Preston","Halifax","Yorkshire","Armenia","1","Tobias"
"15","Zachary","Saint-Vincent","LX","Bangladesh","1","Drew"
"16","Hayden","Osgoode","Ontario","Uruguay","1","Maxwell"
"17","Harlan","Cariboo Regional District","British Columbia","Uruguay","1","Shad"
"18","Nolan","Remagne","LX","Equatorial Guinea","1","Dennis"
"19","Nathaniel","Osasco","SP","Nicaragua","1","Preston"
"20","Graham","Tuscaloosa","AL","Chad","1","Elton"
"21","Hamish","Vienna","Wie","San Marino","1","Caleb"
"22","Valentine","Stalhille","West-Vlaanderen","Mozambique","2","Gareth"
"23","Basil","Alajuelita","San José","Spain","1","Daquan"
"24","Oleg","Duluth","Minnesota","United Arab Emirates","1","Dane"
"25","Bruno","Vertou","PA","French Southern Territories","1","Quamar"
"26","Evan","Fréjus","Provence-Alpes-Côte d'Azur","Tunisia","2","Chadwick"
"27","Lee","Cobourg","Ontario","Malawi","1","Seth"
"28","Ralph","Orilla","Ontario","Namibia","2","Victor"
"29","Plato","Kano","KN","Syria","1","Oren"
"30","Hop","Kirkby Lonsdale","Westmorland","Viet Nam","2","Brett"
"31","Paul","Wollongong","New South Wales","Switzerland","1","Dominic"
"32","Vance","Denderwindeke","OV","Russian Federation","2","Mark"
"33","Deacon","Bad Ischl","OÖ.","Peru","2","Wesley"
"34","Garth","Castelseprio","LOM","Aruba","1","Noble"
"35","Patrick","Devonport","TAS","Korea, North","1","Martin"
"36","Sean","Badajoz","EX","Ecuador","1","Owen"
"37","Evan","Montauban","Midi-Pyrénées","Venezuela","1","Kennedy"
"38","Deacon","Whitehorse","YK","Latvia","1","Carlos"
"39","Cade","Atlanta","GA","Åland Islands","2","Colin"
"40","Duncan","Toronto","ON","Jamaica","1","Elijah"
"41","Acton","Acquedolci","Sicilia","Sri Lanka","2","Kane"
"42","Malcolm","Pollena Trocchia","CAM","Gambia","1","Grady"
"43","Jasper","St. Petersburg","Florida","Mauritius","2","Quamar"
"44","Emmanuel","Opglabbeek","L.","Philippines","1","Jonah"
"45","Mark","Malartic","QC","Uzbekistan","1","Cadman"
"46","Rogan","Minneapolis","MN","Zimbabwe","2","Eaton"
"47","Sebastian","Hamilton","ON","Romania","1","Carter"
"48","Amos","Bremerhaven","Bremen","Viet Nam","1","Elijah"
"49","Ryan","Port Moody","BC","Uruguay","1","Ivan"
"50","Vance","Masterton","North Island","Sint Maarten","1","Vernon"
"51","Bevis","Ciudad Real","CM","Bonaire, Sint Eustatius and Saba","2","Dolan"
"52","Sawyer","Tilburg","Noord Brabant","Malta","2","Byron"
"53","Garth","Jönköping","Jönköpings län","Spain","2","Kaseem"
"54","Caldwell","Las Condes","Metropolitana de Santiago","Benin","1","Jason"
"55","Hilel","Makurdi","BE","French Guiana","1","Brennan"
"56","Mohammad","Campinas","São Paulo","Togo","2","Sawyer"
"57","Nicholas","Tejar","C","British Indian Ocean Territory","2","Brian"
"58","Reese","Noduwez","Waals-Brabant","Tanzania","2","Cole"
"59","Zane","Camarones","Arica y Parinacota","Sri Lanka","2","Brendan"
"60","Carlos","Alphen aan den Rijn","Z.","Slovakia","2","Carter"
"61","Clarke","Istanbul","Istanbul","Reunion","2","Devin"
"62","Logan","Vienna","Wie","Curaçao","2","Alden"
"63","Adrian","Bremerhaven","Bremen","Jamaica","1","Thor"
"64","Alec","Berlin","BE","Turkey","1","Chancellor"
"65","Vaughan","Cork","M","Seychelles","1","Kevin"
"66","Arsenio","Machynlleth","Montgomeryshire","Palestine, State of","1","Sylvester"
"67","Chandler","Picton","South Island","Gibraltar","1","Dennis"
"68","Burke","Viña del Mar","V","Turks and Caicos Islands","2","Grant"
"69","Cruz","Blenheim","South Island","Egypt","2","Brandon"
"70","Connor","?om?a","Podlaskie","Mozambique","1","Nehru"
"71","Flynn","Laval","PA","Philippines","2","Marvin"
"72","Amos","Roma","LAZ","Saint Helena, Ascension and Tristan da Cunha","1","Odysseus"
"73","Bevis","San Rafael","Cartago","Ghana","2","Thane"
"74","Palmer","Cork","Munster","Azerbaijan","1","Brent"
"75","Isaiah","Istanbul","Istanbul","Guadeloupe","1","Timothy"
"76","Kermit","Tübingen","Baden","Panama","2","Quinlan"
"77","Randall","Honolulu","Hawaii","Germany","1","Gannon"
"78","Xavier","Elbl?g","WM","Kyrgyzstan","2","Shad"
"79","Jasper","Greater Sudbury","Ontario","Kyrgyzstan","1","Jelani"
"80","Tyler","Bahraich","UP","Angola","2","Harrison"
"81","Rafael","Vienna","Wie","Burkina Faso","1","Patrick"
"82","Abraham","Sachs Harbour","Northwest Territories","Martinique","1","Mohammad"
"83","Noah","Motueka","SI","Norfolk Island","1","Ronan"
"84","Ferdinand","Trivandrum","KL","Namibia","1","Nathaniel"
"85","Hayden","Culemborg","Gl","French Polynesia","1","Mufutau"
"86","Jackson","Tranås","Jönköpings län","Greenland","1","Amery"
"87","Colt","Córdoba","Andalucía","Nigeria","1","Wyatt"
"88","Aaron","Calera de Tango","RM","Estonia","2","Clinton"
"89","Avram","Dublin","L","Russian Federation","1","Lars"
"90","Macaulay","Richmond","QC","Luxembourg","2","Kadeem"
"91","Alfonso","Hamburg","HH","Ecuador","2","Maxwell"
"92","Kirk","Camaçari","Bahia","Solomon Islands","2","Judah"
"93","Lawrence","Jerez de la Frontera","Andalucía","Saint Vincent and The Grenadines","1","Logan"
"94","Ferris","Okene","Kogi","Canada","1","Kenneth"
"95","Dennis","Kraków","Ma?opolskie","Cuba","2","Bradley"
"96","Warren","Winterswijk","Gelderland","Kyrgyzstan","2","Lucas"
"97","Ishmael","West Valley City","Utah","Angola","2","Thaddeus"
"98","Jameson","Berlin","Berlin","Martinique","2","Dylan"
"99","Colton","Purral","San José","Suriname","1","Eaton"
"100","Leo","Lairg","SU","Monaco","1","Brett"
